{"cameraMode":{"drawMode":0,"name":"Shaded","section":"Shading Mode"},"sceneLighting":false,"audioPlay":false,"sceneViewState":{"m_AlwaysRefresh":false,"showFog":true,"showSkybox":false,"showFlares":true,"showImageEffects":true,"showParticleSystems":true,"showVisualEffectGraphs":true,"m_FxEnabled":true},"in2DMode":false,"pivot":{"x":0.40148916840553286,"y":0.5016563534736633,"z":0.23488956689834596},"rotation":{"x":-0.1243869736790657,"y":-0.03958206996321678,"z":0.004966044798493385,"w":-0.9914336204528809},"size":2.255579710006714,"orthographic":false}