{"cameraMode":{"drawMode":0,"name":"Shaded","section":"Shading Mode"},"sceneLighting":false,"audioPlay":false,"sceneViewState":{"m_AlwaysRefresh":false,"showFog":true,"showSkybox":false,"showFlares":true,"showImageEffects":true,"showParticleSystems":true,"showVisualEffectGraphs":true,"m_FxEnabled":true},"in2DMode":false,"pivot":{"x":0.02468430995941162,"y":-0.041374921798706058,"z":-0.07766391336917877},"rotation":{"x":0.20742708444595338,"y":-0.6721231937408447,"z":0.20482969284057618,"w":0.680646538734436},"size":1.7884256839752198,"orthographic":false}